seq0_leftend	seq0_rightend	seq1_leftend	seq1_rightend	seq2_leftend	seq2_rightend
4460187	4461075	4458600	4459488	0	0
4461291	4461394	4459704	4459807	0	0
-4428594	-4428595	4429523	4429524	0	0
-4455092	-4455132	4473101	4473141	0	0
-4484509	-4485027	4483344	4483862	0	0
-4487867	-4487940	4486823	4486896	0	0
-4487640	-4487755	4486948	4487062	0	0
3730213	3730213	3738926	3738926	0	0
3452230	3452600	3460943	3461313	0	0
925194	925769	925194	925769	0	0
-4486101	-4486594	4488073	4488565	0	0
-4486773	-4486892	4487775	4487893	0	0
-4486996	-4487597	4487069	4487670	0	0
-1	-485577	1	485577	-1	-485576
951835	1400559	951835	1400559	485577	934300
485578	925193	485578	925193	-934303	-1373342
1400560	1826028	1400560	1826028	1373344	1798812
-1826030	-1831408	2206103	2211481	-1798814	-1804192
-1831410	-1831412	0	0	-1804194	-1804196
-1831413	-2211452	1826029	2206068	-1804197	-2184236
-2211453	-2542978	2211482	2543007	-2184238	-2515762
-2542979	-2542980	0	0	-2515763	-2515764
-2542981	-2861077	2543008	2861104	-2515765	-2833861
0	0	3162746	3162782	-2833863	-2833899
-2861117	-3091910	2931952	3162745	-2833900	-3064693
-3091912	-3091913	0	0	-3064695	-3064696
-3091914	-3162494	2861147	2931727	-3064697	-3135277
-3162495	-3162508	0	0	-3135278	-3135291
-3162509	-3427507	3171247	3436246	-3135292	-3400290
0	0	3170095	3171246	-3400291	-3401442
-4436354	-4442820	3163628	3170094	-3401443	-3407909
0	0	3162783	3163627	-3407910	-3408754
3452601	3600473	3461314	3609186	-3408756	-3556627
-3600474	-3730212	3609187	3738925	-3556631	-3686367
3730214	3834936	3738927	3843649	3686621	3791343
0	0	3843650	3843652	3791344	3791346
3835284	3922414	3843653	3930783	3791347	3878477
3922415	3922453	0	0	3878478	3878516
-3922454	-4002105	3930824	4010475	-3878517	-3958168
0	0	4010478	4010479	4034567	4034568
4003026	4062041	4010480	4069495	4034569	4093584
-4062043	-4115155	4069497	4122609	-4093586	-4146698
0	0	4122610	4122694	4146699	4146783
-4115156	-4166362	4122695	4173901	4146784	4197987
4166449	4216664	4173903	4224118	-4197991	-4248206
0	0	4173902	4173902	-4248207	-4248207
4216665	4266855	4224119	4274309	4248220	4298409
-4266856	-4315391	4274313	4322848	-4298410	-4346945
0	0	4274311	4274312	-4346946	-4346947
4316200	4345965	4322850	4352615	4381372	4411137
4345966	4346050	0	0	4411138	4411222
925770	951834	925770	951834	4411225	4437289
-4346051	-4346051	0	0	-4437290	-4437290
-4346052	-4370841	4352703	4377492	-4437291	-4462080
3427589	3452229	3436302	3460942	-4462084	-4486353
0	0	3436289	3436301	-4486354	-4486366
4387855	4387858	0	0	-4486426	-4486429
4370881	4387854	4377532	4394505	-4486430	-4503403
0	0	4377493	4377531	-4503404	-4503442
-4481237	-4481268	0	0	4503446	4503477
-4478845	-4481236	4394547	4396938	4503478	4505869
0	0	4396939	4397989	4505870	4506920
-4387862	-4409154	4397990	4419283	4506921	4528214
-4409157	-4419393	4419284	4429520	4528215	4538451
-4419394	-4428593	4429525	4438724	4548162	4557360
-4428596	-4436350	4438726	4446480	4566082	4573835
4442863	4449273	4446483	4452893	-4573838	-4580248
0	0	4446482	4446482	-4580249	-4580249
0	0	4452894	4452896	4580250	4580251
-4449275	-4454977	4452897	4458599	4580252	4585954
-4449274	-4449274	0	0	4585955	4585955
-4455219	-4460186	4463639	4468606	-4585958	-4590924
0	0	4472177	4473100	4593172	4594087
4461076	4461290	4459489	4459703	4595091	4595306
4461395	4465224	4459808	4463637	4595413	4599242
0	0	4463638	4463638	4599243	4599243
-4469715	-4473298	4473144	4476727	-4599246	-4602829
-4473328	-4473332	0	0	-4602874	-4602878
-4473333	-4476412	4476730	4479809	-4602879	-4605958
0	0	4476728	4476729	-4605959	-4605959
-4476415	-4478842	4479813	4482240	4605960	4608387
0	0	4482241	4483073	4608388	4609220
-4485028	-4485297	4483074	4483343	4609221	4609490
0	0	4485478	4485986	-4609502	-4610010
-4482894	-4484508	4483863	4485477	-4610011	-4611625
0	0	4488570	4489625	-4614717	-4615772
-4486594	-4486772	4487894	4488072	-4616162	-4616342
-4486892	-4486995	4487671	4487774	-4616420	-4616518
2861078	2861116	0	0	0	0
3427508	3427588	0	0	0	0
3834937	3835283	0	0	0	0
4002106	4003025	0	0	0	0
4166363	4166448	0	0	0	0
4315392	4316199	0	0	0	0
4370842	4370880	0	0	0	0
4442821	4442862	0	0	0	0
4454978	4455091	0	0	0	0
4455133	4455218	0	0	0	0
4465225	4469714	0	0	0	0
4473299	4473327	0	0	0	0
4481269	4482893	0	0	0	0
4485298	4486100	0	0	0	0
4487598	4487639	0	0	0	0
4487756	4487866	0	0	0	0
0	0	2206069	2206102	0	0
0	0	2861105	2861146	0	0
0	0	2931728	2931951	0	0
0	0	3436247	3436288	0	0
0	0	3930784	3930823	0	0
0	0	4352616	4352702	0	0
0	0	4394506	4394546	0	0
0	0	4468607	4472176	0	0
0	0	4485987	4486822	0	0
0	0	4486897	4486947	0	0
0	0	0	0	3686368	3686620
0	0	0	0	3958169	4034566
0	0	0	0	4346948	4381371
0	0	0	0	4486367	4486425
0	0	0	0	4538452	4548161
0	0	0	0	4557361	4566081
0	0	0	0	4590925	4593171
0	0	0	0	4594088	4595090
0	0	0	0	4595307	4595412
0	0	0	0	4602830	4602873
0	0	0	0	4611626	4614716
0	0	0	0	4615773	4616161
0	0	0	0	4616343	4616419
